id	state	city	potencia kwp	nro_paineis	geracao_media	preco
9	SP	São Paulo	1.13	3	133	R$10.076,22
22	SP	São Paulo	1.34	4	158	R$10.333,53
24	SP	São Paulo	1.34	4	158	R$10.386,61
46	SP	São Paulo	1.5	4	177	R$10.812,39
51	SP	São Paulo	1.35	3	159	R$10.883,93
55	SP	São Carlos	1.5	4	177	R$10.972,78
57	SP	São Paulo	1.38	3	163	R$11.008,55
99	SP	São Paulo	1.88	5	222	R$12.002,03
104	SP	São Paulo	1.8	4	212	R$12.047,03
116	SP	São Paulo	2.01	6	237	R$12.143,96
117	SP	São Carlos	1.8	4	212	R$12.188,96
120	SP	São Paulo	1.84	4	217	R$12.223,57
129	SP	São Paulo	1.88	5	222	R$12.357,42
130	SP	São Paulo	1.84	4	217	R$12.357,42
153	SP	São Paulo	2.25	6	266	R$12.783,20
183	SP	São Carlos	2.25	6	266	R$13.395,91
204	SP	São Paulo	2.25	5	266	R$13.840,15
225	SP	São Paulo	2.3	5	271	R$14.044,38
236	SP	São Paulo	2.68	8	316	R$14.194,38
240	SP	São Paulo	2.68	8	316	R$14.283,23
246	SP	São Paulo	2.63	7	310	R$14.381,31
249	SP	São Paulo	2.68	8	316	R$14.460,93
283	SP	São Carlos	2.7	6	319	R$15.002,09
296	SP	São Paulo	2.7	6	319	R$15.090,94
311	SP	São Paulo	2.76	6	326	R$15.259,41
312	SP	São Paulo	2.7	6	319	R$15.268,64
314	SP	São Paulo	3	8	354	R$15.277,87
318	SP	São Paulo	2.76	6	326	R$15.348,26
330	SP	São Paulo	3	8	354	R$15.463,64
333	SP	São Paulo	2.76	6	326	R$15.525,95
389	SP	São Carlos	3.15	7	372	R$16.263,28
393	SP	São Paulo	3.35	10	395	R$16.307,12
408	SP	São Paulo	3.15	7	372	R$16.431,74
414	SP	São Paulo	3.35	10	395	R$16.494,05
423	SP	São Paulo	3.22	7	380	R$16.564,44
442	SP	São Carlos	3.22	7	380	R$16.732,90
452	SP	São Paulo	3.38	9	399	R$16.840,21
456	SP	São Paulo	2.7	6	319	R$16.875,98
469	SP	São Paulo	2.68	8	316	R$16.991,37
480	SP	São Paulo	3	8	354	R$17.070,99
484	SP	São Paulo	2.76	6	326	R$17.124,06
488	SP	São Carlos	2.68	8	316	R$17.203,68
534	SP	São Paulo	3.6	8	425	R$17.612,15
548	SP	São Paulo	3.75	10	443	R$17.736,77
558	SP	São Paulo	3	8	354	R$17.816,39
571	SP	São Paulo	3.68	8	434	R$17.949,08
580	SP	São Paulo	3.15	7	372	R$18.037,93
587	SP	São Paulo	3	8	354	R$18.073,70
588	SP	São Paulo	3.35	10	395	R$18.092,16
615	SP	São Paulo	3.22	7	380	R$18.340,24
625	SP	São Paulo	3.38	9	399	R$18.438,32
648	SP	São Paulo	4.13	11	487	R$18.938,24
653	SP	São Paulo	3.35	10	395	R$18.756,79
665	SP	São Paulo	3.69	11	435	R$19.170,17
675	SP	São Paulo	3.35	10	395	R$18.970,26
691	SP	São Paulo	3.6	8	425	R$19.201,03
695	SP	São Paulo	4.05	9	478	R$19.246,03
706	SP	São Paulo	3.75	10	443	R$19.342,96
737	SP	São Paulo	3.68	8	434	R$19.547,19
746	SP	São Paulo	4.14	9	489	R$19.626,81
748	SP	São Carlos	4.02	12	474	R$19.942,11
753	SP	São Paulo	2.7	6	319	R$19.681,04
772	SP	São Paulo	3.75	10	443	R$19.796,43
787	SP	São Paulo	2.76	6	326	R$19.929,13
790	SP	São Paulo	2.7	6	319	R$19.972,97
799	SP	São Paulo	3.75	10	443	R$20.044,51
811	SP	São Paulo	4.02	12	474	R$20.385,19
824	SP	São Paulo	2.76	6	326	R$20.231,44
825	SP	São Carlos	4.02	12	474	R$20.528,27
826	SP	São Paulo	4.13	11	487	R$20.536,35
828	SP	São Paulo	3.75	10	443	R$20.257,98
890	SP	São Paulo	4.02	12	474	R$21.077,52
899	SP	São Paulo	4.13	11	487	R$21.131,75
902	SP	São Paulo	4.13	11	487	R$21.131,75
903	SP	São Paulo	3.15	7	372	R$20.842,99
905	SP	São Paulo	4.05	9	478	R$20.852,22
945	SP	São Paulo	3.22	7	380	R$21.145,31
955	SP	São Paulo	4.14	9	489	R$21.234,15
962	SP	São Paulo	4.13	11	487	R$21.601,37
970	SP	São Paulo	4.5	12	531	R$21.914,25
979	SP	São Paulo	4.05	9	478	R$21.438,39
1015	SP	São Paulo	4.5	12	531	R$22.028,31
1023	SP	São Paulo	4.14	9	489	R$21.820,32
1048	SP	São Paulo	3.6	8	425	R$22.015,32
1054	SP	São Paulo	4.5	12	531	R$22.382,54
1080	SP	São Paulo	4.69	14	553	R$22.857,07
1081	SP	São Paulo	3.6	8	425	R$22.272,64
1092	SP	São Carlos	3.68	8	434	R$22.352,26
1106	SP	São Paulo	4.69	14	553	R$23.132,85
1112	SP	São Paulo	4.5	12	531	R$22.906,40
1113	SP	São Paulo	3.68	8	434	R$22.609,57
1114	SP	São Paulo	4.5	10	531	R$22.609,57
1152	SP	São Paulo	4.6	10	543	R$23.036,50
1228	SP	São Paulo	4.05	9	478	R$23.657,28
1239	SP	São Paulo	4.95	11	584	R$24.069,50
1267	SP	São Carlos	5.25	14	620	R$24.650,06
1272	SP	São Paulo	4.14	9	489	R$24.039,22
1274	SP	São Paulo	5.25	14	620	R$24.712,37
1293	SP	São Paulo	5.06	11	597	R$24.552,99
1302	SP	São Paulo	5.36	16	632	R$25.378,67
1323	SP	São Paulo	5.25	14	620	R$25.227,00
1346	SP	São Paulo	4.5	10	531	R$25.088,26
1355	SP	São Paulo	5.63	15	664	R$25.923,94
1357	SP	São Paulo	5.4	12	637	R$25.317,33
1381	SP	São Paulo	4.5	10	531	R$25.121,55
1403	SP	São Paulo	4.6	10	543	R$25.535,22
1411	SP	São Paulo	5.4	12	637	R$25.725,80
1424	SP	São Carlos	5.52	12	651	R$25.857,37
1439	SP	São Paulo	4.6	10	543	R$25.548,48
1455	SP	São Paulo	4.5	10	531	R$25.681,17
1467	SP	São Paulo	6	16	708	R$26.908,10
1471	SP	São Paulo	6.03	18	712	R$27.247,06
1472	SP	São Paulo	5.52	12	651	R$26.256,61
1492	SP	São Paulo	4.6	10	543	R$26.106,95
1497	SP	São Paulo	6	16	708	R$27.245,03
1499	SP	São Paulo	6.03	18	712	R$27.565,53
1502	SP	São Paulo	6	16	708	R$27.307,34
1624	SP	São Paulo	6.3	14	743	R$28.627,16
1629	SP	São Paulo	6.7	20	791	R$29.628,92
1643	SP	São Paulo	5.4	12	637	R$28.388,94
1649	SP	São Paulo	6.75	18	797	R$29.635,76
1651	SP	São Paulo	6.75	18	797	R$29.671,53
1654	SP	São Paulo	6.3	14	743	R$29.026,40
1672	SP	São Paulo	6.44	14	760	R$29.252,21
1679	SP	São Paulo	6.75	18	797	R$30.035,00
1681	SP	São Paulo	5.52	12	651	R$28.919,75
1690	SP	São Paulo	5.4	12	637	R$28.992,41
1703	SP	São Paulo	6.44	14	760	R$29.642,22
1717	SP	São Carlos	6.75	15	797	R$30.182,41
1735	SP	São Paulo	5.52	12	651	R$29.532,45
1755	SP	São Paulo	6.75	15	797	R$30.581,65
1776	SP	São Paulo	6.9	15	814	R$30.844,19
1790	SP	São Carlos	7.37	22	870	R$32.388,39
1801	SP	São Paulo	6.9	15	814	R$31.252,66
1822	SP	São Paulo	7.5	20	885	R$32.293,04
1842	SP	São Paulo	7.2	16	850	R$31.849,30
1888	SP	São Paulo	7.5	20	885	R$33.172,29
1889	SP	São Carlos	7.36	16	868	R$32.557,05
1904	SP	São Paulo	7.2	16	850	R$32.719,31
1910	SP	São Paulo	6.3	14	743	R$32.293,01
1957	SP	São Paulo	6.44	14	760	R$32.927,29
1959	SP	São Paulo	7.36	16	868	R$33.436,30
1966	SP	São Paulo	7.65	17	903	R$33.892,63
1972	SP	São Paulo	8.04	24	949	R$38.524,66
2007	SP	São Carlos	7.88	21	930	R$35.231,09
2028	SP	São Paulo	7.82	17	923	R$34.638,27
2037	SP	São Paulo	7.65	17	903	R$34.761,50
2058	SP	São Paulo	8.1	18	956	R$35.149,89
2076	SP	São Paulo	8.25	22	974	R$36.206,01
2081	SP	São Paulo	8.38	25	989	R$39.848,63
2097	SP	São Paulo	7.82	17	923	R$35.517,52
2135	SP	São Paulo	8.1	18	956	R$36.029,14
2142	SP	São Paulo	8.71	26	1028	R$40.699,69
2147	SP	São Carlos	8.63	23	1018	R$40.753,13
2191	SP	São Paulo	8.28	18	977	R$36.821,90
2199	SP	São Paulo	9.05	27	1068	R$41.543,65
2215	SP	São Paulo	9	24	1062	R$41.728,06
2226	SP	São Carlos	8.55	19	1009	R$37.584,39
2261	SP	São Paulo	9.38	28	1107	R$42.385,48
2287	SP	São Paulo	8.74	19	1031	R$38.432,35
2290	SP	São Paulo	8.25	22	974	R$38.966,07
2312	SP	São Paulo	9	20	1062	R$38.841,66
2321	SP	São Paulo	9.38	25	1107	R$43.185,12
2354	SP	São Paulo	8.71	26	1028	R$43.459,75
2356	SP	São Paulo	9.72	29	1147	R$43.709,45
2373	SP	São Paulo	9.2	20	1086	R$39.736,73
2390	SP	São Carlos	9.75	26	1151	R$44.160,04
2416	SP	São Paulo	10.05	30	1186	R$44.559,89
2427	SP	São Paulo	9	24	1062	R$44.498,51
2436	SP	São Paulo	9.45	21	1115	R$41.181,83
2445	SP	São Paulo	8.71	26	1028	R$44.764,78
2451	SP	São Paulo	10.13	27	1195	R$45.143,55
2460	SP	São Paulo	9.38	28	1107	R$45.155,93
2494	SP	São Paulo	9.66	21	1140	R$42.114,79
2510	SP	São Paulo	9	20	1062	R$41.612,10
2514	SP	São Paulo	10.5	28	1239	R$46.113,86
2516	SP	São Paulo	9.9	22	1168	R$42.440,24
2522	SP	São Paulo	10.72	32	1265	R$49.206,82
2545	SP	São Paulo	9.38	28	1107	R$46.264,80
2574	SP	São Paulo	9.2	20	1086	R$42.506,02
2588	SP	São Paulo	10.12	22	1194	R$43.426,90
2589	SP	São Paulo	9.75	26	1151	R$46.929,34
2602	SP	São Paulo	10.35	23	1221	R$47.265,53
2611	SP	São Paulo	10.05	30	1186	R$47.321,11
2627	SP	São Paulo	10.05	30	1186	R$47.604,96
2670	SP	São Paulo	10.05	30	1186	R$48.199,20
2682	SP	São Paulo	10.8	24	1274	R$48.526,41
2712	SP	São Paulo	10.5	28	1239	R$48.884,31
2716	SP	São Paulo	9.9	22	1168	R$45.209,53
2721	SP	São Paulo	10.72	32	1265	R$51.976,11
2752	SP	São Paulo	11.04	24	1303	R$49.595,43
2756	SP	São Paulo	10.5	28	1239	R$49.540,86
2764	SP	São Paulo	10.72	32	1265	R$52.659,21
2780	SP	São Paulo	10.12	22	1194	R$46.196,20
2864	SP	São Paulo	11.39	34	1344	R$54.133,57
2872	SP	São Paulo	12.06	36	1423	R$54.365,21
2876	SP	São Paulo	11.25	30	1328	R$51.305,79
2883	SP	São Paulo	10.8	24	1274	R$51.314,17
2905	SP	São Paulo	11.39	34	1344	R$54.577,81
2910	SP	São Paulo	11.39	34	1344	R$54.666,66
2912	SP	São Paulo	11.25	30	1328	R$51.687,73
2915	SP	São Paulo	12.06	36	1423	R$54.879,84
2952	SP	São Paulo	12	32	1416	R$55.276,35
2973	SP	São Paulo	11.04	24	1303	R$52.382,03
2999	SP	São Paulo	12.06	36	1423	R$56.077,56
3000	SP	São Paulo	12.06	36	1423	R$56.077,56
3012	SP	São Paulo	12	32	1416	R$56.225,98
3021	SP	São Paulo	12.73	38	1502	R$56.451,13
3034	SP	São Paulo	12	32	1416	R$56.403,68
3069	SP	São Carlos	12.73	38	1502	R$56.974,98
3082	SP	São Paulo	12.75	34	1505	R$57.111,67
3109	SP	São Paulo	12	32	1416	R$57.291,01
3112	SP	São Carlos	11.7	26	1381	R$54.306,72
3134	SP	São Paulo	12.75	34	1505	R$57.618,22
3151	SP	São Paulo	13.4	40	1581	R$58.084,72
3174	SP	São Paulo	9.9	22	1168	R$51.042,35
3177	SP	São Paulo	12.73	38	1502	R$58.164,63
3182	SP	São Paulo	12.6	28	1487	R$55.232,69
3204	SP	São Paulo	13.4	40	1581	R$58.608,58
3208	SP	São Paulo	12.75	34	1505	R$58.558,62
3212	SP	São Paulo	11.96	26	1411	R$55.468,57
3214	SP	São Paulo	12.06	36	1423	R$58.456,84
3227	SP	São Paulo	12.6	28	1487	R$55.728,85
3239	SP	São Paulo	13.5	36	1593	R$58.991,98
3260	SP	São Paulo	10.12	22	1194	R$52.018,63
3286	SP	São Paulo	12.88	28	1520	R$56.442,38
3293	SP	São Paulo	12.75	34	1505	R$59.447,10
3297	SP	São Paulo	12.73	38	1502	R$59.496,19
3307	SP	São Paulo	13.4	40	1581	R$59.798,22
3326	SP	São Paulo	14.07	42	1660	R$60.179,87
3340	SP	São Paulo	13.5	36	1593	R$60.288,94
3366	SP	São Paulo	12.73	38	1502	R$60.374,29
3371	SP	São Paulo	14.07	42	1660	R$60.686,42
3378	SP	São Paulo	10.8	24	1274	R$57.128,52
3399	SP	São Paulo	13.5	36	1593	R$60.873,95
3407	SP	São Paulo	13.4	40	1581	R$60.995,94
3423	SP	São Paulo	13.5	30	1593	R$58.128,31
3428	SP	São Paulo	13.5	36	1593	R$61.176,26
3454	SP	São Paulo	13.5	30	1593	R$58.624,48
3457	SP	São Paulo	11.04	24	1303	R$58.188,31
3468	SP	São Paulo	14.07	42	1660	R$61.876,06
3477	SP	São Paulo	13.4	40	1581	R$61.875,19
3478	SP	São Paulo	13.4	40	1581	R$61.875,19
3496	SP	São Paulo	14.74	44	1739	R$62.320,01
3521	SP	São Paulo	13.8	30	1628	R$59.421,61
3557	SP	São Paulo	13.5	36	1593	R$62.712,07
3592	SP	São Paulo	14.25	38	1682	R$63.216,97
3603	SP	São Paulo	14.25	38	1682	R$63.332,36
3609	SP	São Paulo	14.74	44	1739	R$63.509,66
3620	SP	São Paulo	14.4	32	1699	R$63.521,49
3633	SP	São Paulo	11.7	26	1381	R$60.113,00
3650	SP	São Paulo	14.07	42	1660	R$63.792,64
3651	SP	São Paulo	14.07	42	1660	R$63.792,64
3671	SP	São Paulo	14.4	32	1699	R$64.018,81
3678	SP	São Paulo	12.6	28	1487	R$60.842,81
3693	SP	São Paulo	14.74	44	1739	R$64.414,29
3727	SP	São Carlos	11.96	26	1411	R$61.273,70
3738	SP	São Paulo	14.07	42	1660	R$64.751,51
3740	SP	São Paulo	14.72	32	1737	R$64.907,62
3745	SP	São Paulo	14.25	38	1682	R$64.858,93
3751	SP	São Carlos	15	40	1770	R$65.452,61
3755	SP	São Paulo	15	40	1770	R$65.479,15
3771	SP	São Paulo	12.6	28	1487	R$61.828,22
3777	SP	São Paulo	14.74	44	1739	R$65.284,31
3778	SP	São Paulo	14.74	44	1739	R$65.284,31
3786	SP	São Carlos	12.88	28	1520	R$62.043,27
3789	SP	São Paulo	14.72	32	1737	R$65.395,71
3806	SP	São Paulo	15.41	46	1818	R$66.093,97
3849	SP	São Paulo	14.25	38	1682	R$65.906,64
3882	SP	São Paulo	12.88	28	1520	R$63.019,44
3883	SP	São Paulo	14.74	44	1739	R$66.377,03
3905	SP	São Paulo	15	40	1770	R$66.971,10
3928	SP	São Paulo	15.41	46	1818	R$67.291,69
3929	SP	São Paulo	15.3	34	1805	R$67.288,22
3946	SP	São Paulo	13.5	30	1593	R$63.738,44
3954	SP	São Paulo	15.75	42	1859	R$67.591,39
3958	SP	São Paulo	16.08	48	1897	R$67.727,56
3981	SP	São Paulo	15.75	42	1859	R$67.822,17
4014	SP	São Paulo	16.08	48	1897	R$68.206,42
4029	SP	São Paulo	15	40	1770	R$68.168,82
4045	SP	São Paulo	13.5	30	1593	R$64.714,61
4055	SP	São Paulo	14.4	32	1699	R$68.075,82
4060	SP	São Paulo	13.8	30	1628	R$65.014,42
4064	SP	São Paulo	15.64	34	1846	R$68.749,87
4073	SP	São Paulo	16.08	48	1897	R$68.917,21
4075	SP	São Paulo	15.41	46	1818	R$68.783,64
4076	SP	São Paulo	15.41	46	1818	R$68.783,64
4081	SP	São Paulo	15.41	46	1818	R$68.845,95
4154	SP	São Paulo	16.5	44	1947	R$69.719,79
4155	SP	São Paulo	16.75	50	1977	R$69.822,71
4156	SP	São Paulo	16.2	36	1912	R$69.713,07
4162	SP	São Paulo	13.8	30	1628	R$65.999,83
4193	SP	São Paulo	14.72	32	1737	R$69.452,72
4208	SP	São Paulo	16.08	48	1897	R$70.284,54
4209	SP	São Paulo	16.08	48	1897	R$70.284,54
4227	SP	São Paulo	15.75	42	1859	R$70.334,15
4234	SP	São Paulo	16.08	48	1897	R$70.461,09
4253	SP	São Paulo	15.75	42	1859	R$70.511,84
4283	SP	São Paulo	14.4	32	1699	R$70.117,02
4292	SP	São Paulo	16.75	50	1977	R$71.012,35
4320	SP	São Paulo	16.56	36	1954	R$71.267,56
4322	SP	São Paulo	17.42	52	2056	R$72.444,97
4353	SP	São Paulo	15.3	34	1805	R$71.345,23
4391	SP	São Paulo	17.25	46	2036	R$72.061,66
4402	SP	São Paulo	16.5	44	1947	R$72.063,31
4420	SP	São Paulo	16.75	50	1977	R$72.201,99
4421	SP	São Paulo	16.75	50	1977	R$72.201,99
4429	SP	São Paulo	14.72	32	1737	R$71.493,92
4446	SP	São Paulo	16.5	44	1947	R$72.409,47
4454	SP	São Paulo	17.42	52	2056	R$73.633,46
4462	SP	São Paulo	17.1	38	2018	R$72.617,93
4464	SP	São Paulo	16.75	50	1977	R$72.557,38
4510	SP	São Paulo	15.64	34	1846	R$72.814,96
4541	SP	São Paulo	18.09	54	2135	R$74.540,12
4579	SP	São Paulo	15.3	34	1805	R$73.377,20
4580	SP	São Paulo	17.42	52	2056	R$74.796,56
4581	SP	São Paulo	17.42	52	2056	R$74.796,56
4590	SP	São Paulo	18	48	2124	R$73.951,21
4594	SP	São Paulo	17.1	38	2018	R$73.807,57
4611	SP	São Paulo	16.2	36	1912	R$73.779,31
4631	SP	São Carlos	17.42	52	2056	R$75.178,50
4638	SP	São Paulo	17.48	38	2063	R$74.256,02
4684	SP	São Paulo	18.09	54	2135	R$75.729,76
4701	SP	São Paulo	17.25	46	2036	R$74.751,34
4721	SP	São Carlos	18.76	56	2214	R$76.164,49
4723	SP	São Paulo	18	40	2124	R$75.052,00
4736	SP	São Paulo	18	48	2124	R$75.140,85
4763	SP	São Paulo	15.64	34	1846	R$74.838,85
4786	SP	São Paulo	17.48	38	2063	R$75.436,43
4795	SP	São Carlos	16.56	36	1954	R$75.324,57
4812	SP	São Paulo	18.09	54	2135	R$76.723,24
4865	SP	São Paulo	18.75	50	2213	R$76.293,08
4873	SP	São Paulo	16.2	36	1912	R$75.820,51
4877	SP	São Paulo	18.76	56	2214	R$77.363,36
4880	SP	São Paulo	18	40	2124	R$76.232,41
4882	SP	São Paulo	18.09	54	2135	R$77.273,64
4921	SP	São Paulo	16.5	44	1947	R$76.235,71
4931	SP	São Paulo	18	48	2124	R$76.640,89
4940	SP	São Paulo	18.4	40	2171	R$76.764,47
4970	SP	São Paulo	17.1	38	2018	R$76.665,71
4978	SP	São Paulo	17.25	46	2036	R$76.757,92
4982	SP	São Paulo	19.43	58	2293	R$78.259,63
4996	SP	São Paulo	18.76	56	2214	R$78.214,91
5034	SP	São Paulo	18.75	50	2213	R$77.482,72
5071	SP	São Paulo	16.56	36	1954	R$77.365,77
5085	SP	São Paulo	18.76	56	2214	R$78.899,16
5086	SP	São Paulo	18.9	42	2230	R$77.938,40
5104	SP	São Paulo	19.5	52	2301	R$79.170,14
5105	SP	São Paulo	18.4	40	2171	R$77.954,11
5137	SP	São Paulo	19.43	58	2293	R$79.449,27
5155	SP	São Paulo	18.09	54	2135	R$79.270,99
5180	SP	São Paulo	17.48	38	2063	R$78.303,80
5196	SP	São Paulo	20.1	60	2372	R$79.925,76
5200	SP	São Paulo	18	48	2124	R$78.496,31
5201	SP	São Paulo	17.25	46	2036	R$78.382,57
5228	SP	São Paulo	18.75	50	2213	R$78.982,75
5234	SP	São Paulo	19.43	58	2293	R$80.141,59
5237	SP	São Paulo	17.1	38	2018	R$78.706,90
5245	SP	São Paulo	18.9	42	2230	R$79.128,04
5273	SP	São Paulo	19.5	52	2301	R$80.369,02
5277	SP	São Paulo	18	40	2124	R$79.099,79
5286	SP	São Paulo	18.09	54	2135	R$80.167,55
5331	SP	São Paulo	19.32	42	2280	R$79.744,86
5346	SP	São Paulo	18.76	56	2214	R$80.762,66
5351	SP	São Paulo	20.1	60	2372	R$81.132,71
5362	SP	São Paulo	19.43	58	2293	R$80.994,31
5392	SP	São Paulo	19.8	44	2336	R$80.372,48
5406	SP	São Paulo	20.25	54	2390	R$81.552,39
5411	SP	São Paulo	18	48	2124	R$80.129,04
5428	SP	São Paulo	20.1	60	2372	R$81.683,10
5454	SP	São Paulo	17.48	38	2063	R$80.345,00
5463	SP	São Paulo	18.76	56	2214	R$81.668,45
5473	SP	São Paulo	19.5	52	2301	R$81.869,05
5478	SP	São Paulo	18.75	50	2213	R$80.749,33
5491	SP	São Paulo	19.32	42	2280	R$80.942,58
5501	SP	São Paulo	18.4	40	2171	R$80.830,71
5563	SP	São Paulo	19.8	44	2336	R$81.571,35
5564	SP	São Paulo	20.1	60	2372	R$82.677,74
5573	SP	São Paulo	20.25	54	2390	R$82.742,03
5589	SP	São Paulo	19.43	58	2293	R$82.680,11
5607	SP	São Paulo	20.77	62	2451	R$83.127,07
5630	SP	São Paulo	18.9	42	2230	R$82.004,64
5631	SP	São Paulo	20.24	44	2388	R$82.304,17
5660	SP	São Paulo	20.77	62	2451	R$83.518,23
5673	SP	São Paulo	18.75	50	2213	R$82.267,82
5675	SP	São Paulo	20.1	60	2372	R$83.583,53
5691	SP	São Paulo	19.5	52	2301	R$83.484,47
5762	SP	São Paulo	20.25	54	2390	R$84.242,06
5763	SP	São Paulo	20.1	60	2372	R$84.230,85
5788	SP	São Paulo	21	56	2478	R$84.547,37
5789	SP	São Paulo	20.24	44	2388	R$83.493,81
5803	SP	São Paulo	21.44	64	2530	R$84.677,19
5821	SP	São Paulo	21.44	64	2530	R$84.934,50
5837	SP	São Paulo	19.32	42	2280	R$83.800,72
5857	SP	São Paulo	20.1	60	2372	R$85.136,64
5858	SP	São Carlos	20.25	54	2390	R$85.157,08
5863	SP	São Paulo	19.5	52	2301	R$85.011,04
5911	SP	São Paulo	20.77	62	2451	R$85.585,97
5912	SP	São Paulo	19.8	44	2336	R$84.429,49
5975	SP	São Carlos	20.77	62	2451	R$86.056,75
6025	SP	São Paulo	22.11	66	2609	R$86.680,78
6041	SP	São Paulo	21.75	58	2567	R$86.795,79
6045	SP	São Paulo	20.7	46	2443	R$85.747,09
6061	SP	São Carlos	21	56	2478	R$86.952,04
6083	SP	São Paulo	21.44	64	2530	R$87.136,08
6099	SP	São Carlos	20.25	54	2390	R$87.189,05
6110	SP	São Paulo	21	56	2478	R$87.316,66
6122	SP	São Paulo	20.24	44	2388	R$86.351,95
6128	SP	São Paulo	21.44	64	2530	R$87.482,25
6195	SP	São Paulo	22.78	68	2688	R$88.185,89
6203	SP	São Paulo	22.78	68	2688	R$88.230,89
6223	SP	São Paulo	20.7	46	2443	R$87.300,20
6228	SP	São Paulo	21.44	64	2530	R$88.405,34
6258	SP	São Paulo	21.16	46	2497	R$87.680,75
6280	SP	São Paulo	21	56	2478	R$88.834,00
6301	SP	São Paulo	21.6	48	2549	R$88.069,03
6305	SP	São Paulo	22.11	66	2609	R$89.139,68
6319	SP	São Paulo	21.75	58	2567	R$89.201,61
6330	SP	São Paulo	20.7	46	2443	R$88.205,99
6342	SP	São Paulo	21.75	58	2567	R$89.360,85
6411	SP	São Paulo	21.44	64	2530	R$89.976,92
6420	SP	São Paulo	23.45	70	2767	R$90.233,33
6438	SP	São Paulo	21.16	46	2497	R$89.225,78
6479	SP	São Paulo	22.78	68	2688	R$90.689,79
6489	SP	São Paulo	22.78	68	2688	R$90.733,64
6497	SP	São Paulo	23.25	62	2744	R$90.840,32
6519	SP	São Paulo	21.75	58	2567	R$90.887,42
6525	SP	São Paulo	22.5	60	2655	R$91.005,79
6527	SP	São Paulo	22.5	60	2655	R$91.015,02
6533	SP	São Paulo	22.08	48	2605	R$90.075,73
6534	SP	São Paulo	24.12	72	2846	R$91.242,29
6546	SP	São Paulo	21.16	46	2497	R$90.139,65
6552	SP	São Paulo	24.12	72	2846	R$91.437,29
6583	SP	São Paulo	21.6	48	2549	R$90.527,93
6584	SP	São Paulo	22.78	68	2688	R$91.648,66
6619	SP	São Paulo	22.5	50	2655	R$90.861,76
6633	SP	São Paulo	24	64	2832	R$92.086,03
6697	SP	São Paulo	22.5	60	2655	R$92.532,37
6708	SP	São Paulo	23.45	70	2767	R$92.692,23
6713	SP	São Paulo	24.12	72	2846	R$92.768,86
6763	SP	São Paulo	24.79	74	2925	R$93.236,65
6779	SP	São Paulo	23.25	62	2744	R$93.254,22
6783	SP	São Paulo	22.78	68	2688	R$93.228,31
6800	SP	São Paulo	24	64	2832	R$93.594,14
6805	SP	São Paulo	24.12	72	2846	R$93.683,88
6806	SP	São Paulo	22.08	48	2605	R$92.534,63
6844	SP	São Paulo	24.12	72	2846	R$93.985,04
6845	SP	São Paulo	23	50	2714	R$92.940,34
6856	SP	São Paulo	19.8	44	2336	R$92.702,75
6870	SP	São Paulo	23.4	52	2761	R$94.171,22
6874	SP	São Paulo	22.5	60	2655	R$94.130,48
6877	SP	São Paulo	24.75	66	2921	R$94.315,99
6896	SP	São Paulo	22.5	50	2655	R$93.320,66
6903	SP	São Paulo	24	64	2832	R$94.482,62
6917	SP	São Paulo	25.46	76	3004	R$94.688,69
6925	SP	São Paulo	23.25	62	2744	R$94.585,78
6929	SP	São Paulo	25.46	76	3004	R$94.769,46
6935	SP	São Paulo	24.79	74	2925	R$94.763,22
6957	SP	São Paulo	24.12	72	2846	R$94.900,06
6993	SP	São Paulo	23.4	52	2761	R$95.165,86
6995	SP	São Paulo	21.6	48	2549	R$94.034,55
7037	SP	São Paulo	24.79	74	2925	R$95.677,08
7052	SP	São Paulo	25.5	68	3009	R$95.864,01
7075	SP	São Paulo	20.24	44	2388	R$94.633,28
7085	SP	São Paulo	25.5	68	3009	R$96.104,01
7106	SP	São Paulo	25.46	76	3004	R$96.304,11
7108	SP	São Paulo	24	64	2832	R$96.239,96
7116	SP	São Paulo	23.92	52	2823	R$96.349,37
7128	SP	São Paulo	23	50	2714	R$95.399,24
7130	SP	São Paulo	24.12	72	2846	R$96.479,71
7152	SP	São Carlos	24.75	66	2921	R$96.721,81
7153	SP	São Paulo	23.4	52	2761	R$96.630,12
7184	SP	São Paulo	24.3	54	2867	R$96.954,71
7206	SP	São Paulo	25.46	76	3004	R$97.209,89
7246	SP	São Paulo	25.5	68	3009	R$97.604,05
7280	SP	São Paulo	26.8	80	3162	R$97.932,00
7298	SP	São Paulo	24	64	2832	R$97.828,84
7303	SP	São Carlos	24.3	54	2867	R$97.930,89
7319	SP	São Paulo	25.46	76	3004	R$98.151,45
7322	SP	São Paulo	24	64	2832	R$98.059,62
7329	SP	São Carlos	26.13	78	3083	R$98.290,39
7332	SP	São Paulo	20.7	46	2443	R$96.895,79
7340	SP	São Paulo	26.25	70	3098	R$98.333,97
7350	SP	São Paulo	24.75	66	2921	R$98.293,38
7363	SP	São Carlos	25.5	68	3009	R$98.500,60
7383	SP	São Paulo	25.2	56	2974	R$98.682,41
7401	SP	São Paulo	24.3	54	2867	R$98.810,14
7407	SP	São Paulo	23.92	52	2823	R$98.808,27
7447	SP	São Paulo	24.84	54	2931	R$99.205,90
7474	SP	São Paulo	23.4	52	2761	R$99.274,79
7477	SP	São Paulo	27	72	3186	R$99.562,37
7480	SP	São Paulo	24	64	2832	R$99.373,88
7503	SP	São Paulo	23.25	62	2744	R$99.503,58
7506	SP	São Paulo	26.8	80	3162	R$99.831,28
7509	SP	São Paulo	25.46	76	3004	R$99.748,41
7535	SP	São Paulo	25.5	68	3009	R$99.938,33
7544	SP	São Paulo	27	72	3186	R$100.120,85
7558	SP	São Paulo	21.16	46	2497	R$98.821,38
7561	SP	São Paulo	24.84	54	2931	R$100.163,61
7566	SP	São Paulo	25.2	56	2974	R$100.235,52
7579	SP	São Paulo	21.6	48	2549	R$99.217,74
7598	SP	São Paulo	26.25	70	3098	R$100.730,57
7615	SP	São Paulo	25.46	76	3004	R$100.786,90
7647	SP	São Paulo	25.76	56	3040	R$101.005,48
7649	SP	São Paulo	28.14	84	3321	R$101.183,40
7659	SP	São Paulo	24.84	54	2931	R$101.052,09
7665	SP	São Paulo	25.2	56	2974	R$101.113,62
7678	SP	São Paulo	24	64	2832	R$101.139,30
7683	SP	São Paulo	26.8	80	3162	R$101.393,62
7694	SP	São Paulo	26.1	58	3080	R$101.439,37
7713	SP	São Paulo	24.75	66	2921	R$101.444,60
7722	SP	São Paulo	27	72	3186	R$101.630,11
7724	SP	São Paulo	25.5	68	3009	R$101.527,21
7777	SP	São Paulo	25.5	68	3009	R$102.077,61
7823	SP	São Carlos	27	72	3186	R$102.518,59
7831	SP	São Paulo	22.08	48	2605	R$101.224,43
7832	SP	São Paulo	24.3	54	2867	R$102.387,14
7839	SP	São Paulo	25.76	56	3040	R$102.558,59
7855	SP	São Paulo	26.13	78	3083	R$102.781,26
7874	SP	São Paulo	26.8	80	3162	R$102.999,81
7880	SP	São Paulo	26.1	58	3080	R$102.992,48
7892	SP	São Paulo	28.5	76	3363	R$103.268,82
7895	SP	São Carlos	25.5	68	3009	R$103.080,32
7910	SP	São Paulo	28.14	84	3321	R$103.357,29
7917	SP	São Paulo	22.5	50	2655	R$101.993,16
7936	SP	São Paulo	25.76	56	3040	R$103.445,92
7942	SP	São Carlos	27	72	3186	R$103.636,69
7944	SP	São Paulo	25.46	76	3004	R$103.557,34
7948	SP	São Paulo	27	60	3186	R$103.742,85
7962	SP	São Paulo	26.68	58	3148	R$103.843,55
7971	SP	São Carlos	26.1	58	3080	R$103.879,81
7984	SP	São Paulo	25.2	56	2974	R$103.946,37
8010	SP	São Paulo	29.48	88	3479	R$104.434,79
8020	SP	São Paulo	26.8	80	3162	R$104.314,07
8027	SP	São Paulo	22.08	48	2605	R$103.000,24
8070	SP	São Paulo	24.84	54	2931	R$104.629,09
8073	SP	São Paulo	25.2	56	2974	R$104.691,78
8090	SP	São Paulo	25.5	68	3009	R$104.846,90
8115	SP	São Paulo	26.25	70	3098	R$105.142,97
8123	SP	São Paulo	27	72	3186	R$105.234,81
8126	SP	São Paulo	27	60	3186	R$105.305,19
8132	SP	São Paulo	23	50	2714	R$104.089,04
8136	SP	São Paulo	26.68	58	3148	R$105.405,89
8146	SP	São Paulo	28.5	76	3363	R$105.648,10
8153	SP	São Paulo	23.4	52	2761	R$105.319,92
8199	SP	São Paulo	30.15	90	3558	R$106.259,54
8208	SP	São Paulo	27	72	3186	R$106.086,36
8217	SP	São Paulo	28.14	84	3321	R$106.243,13
8220	SP	São Paulo	27	60	3186	R$106.192,52
8221	SP	São Paulo	27.6	60	3257	R$106.237,37
8236	SP	São Paulo	26.68	58	3148	R$106.293,22
8248	SP	São Paulo	27.9	62	3292	R$106.509,04
8263	SP	São Paulo	29.48	88	3479	R$106.884,46
8268	SP	São Paulo	30	80	3540	R$106.967,18
8270	SP	São Paulo	27	72	3186	R$106.778,69
8273	SP	São Paulo	26.8	80	3162	R$106.808,74
8309	SP	São Paulo	25.76	56	3040	R$107.024,07
8339	SP	São Paulo	30.82	92	3637	R$110.645,29
8353	SP	São Paulo	26.1	58	3080	R$107.456,81
8372	SP	São Paulo	23.92	52	2823	R$107.498,07
8374	SP	São Paulo	28.14	84	3321	R$107.832,01
8375	SP	São Paulo	27.6	60	3257	R$107.791,64
8399	SP	São Carlos	27.9	62	3292	R$108.052,92
8431	SP	São Paulo	24.3	54	2867	R$108.103,42
8461	SP	São Paulo	27	72	3186	R$108.545,26
8468	SP	São Paulo	27	60	3186	R$108.616,80
8470	SP	São Paulo	27.6	60	3257	R$108.669,73
8476	SP	São Paulo	28.8	64	3398	R$108.804,44
8494	SP	São Paulo	28.5	76	3363	R$108.933,17
8550	SP	São Paulo	28.48	85	3361	R$109.516,69
8555	SP	São Carlos	23.92	52	2823	R$109.256,57
8575	SP	São Paulo	27	60	3186	R$109.770,67
8587	SP	São Paulo	25.2	56	2974	R$109.751,50
8588	SP	São Paulo	26.68	58	3148	R$109.862,14
8595	SP	São Carlos	30.15	90	3558	R$110.183,85
8598	SP	São Paulo	28.5	76	3363	R$110.113,58
8630	SP	São Paulo	28.8	64	3398	R$110.366,78
8636	SP	São Paulo	31.5	84	3717	R$110.665,55
8653	SP	São Carlos	24.84	54	2931	R$110.354,60
8655	SP	São Paulo	28.52	62	3365	R$110.629,70
8659	SP	São Paulo	32.16	96	3795	R$113.896,69
8680	SP	São Paulo	30	80	3540	R$110.971,12
8726	SP	São Paulo	29.48	88	3479	R$111.358,02
8727	SP	São Paulo	28.14	84	3321	R$111.257,85
8759	SP	São Paulo	29.48	88	3479	R$111.651,11
8769	SP	São Paulo	28.5	76	3363	R$111.702,46
8818	SP	São Paulo	25.76	56	3040	R$112.065,34
8825	SP	São Paulo	27.6	60	3257	R$112.247,89
8841	SP	São Carlos	32.83	98	3874	R$115.730,66
8852	SP	São Paulo	30	80	3540	R$112.631,54
8856	SP	São Paulo	27.9	62	3292	R$112.527,63
8868	SP	São Paulo	26.1	58	3080	R$112.508,46
8886	SP	São Carlos	29.44	64	3474	R$113.015,45
8892	SP	São Paulo	30.75	82	3629	R$113.210,31
8893	SP	São Paulo	29.7	66	3505	R$113.131,82
8910	SP	São Carlos	30.15	90	3558	R$113.361,61
8913	SP	São Paulo	28.8	64	3398	R$113.268,77
8920	SP	São Paulo	30.15	90	3558	R$113.477,00
8933	SP	São Paulo	28.5	76	3363	R$113.459,81
8936	SP	São Paulo	31.49	94	3716	R$116.687,43
8990	SP	São Paulo	30	80	3540	R$114.122,34
8995	SP	São Paulo	33	88	3894	R$114.373,15
8996	SP	São Paulo	25.76	56	3040	R$113.831,91
9026	SP	São Paulo	29.48	88	3479	R$114.509,25
9061	SP	São Paulo	31.5	84	3717	R$114.998,34
9065	SP	São Paulo	28.8	64	3398	R$114.831,11
9074	SP	São Paulo	27	60	3186	R$114.811,94
9081	SP	São Paulo	32.16	96	3795	R$118.211,01
9086	SP	São Paulo	26.68	58	3148	R$114.912,63
9089	SP	São Paulo	30.15	90	3558	R$115.172,04
9097	SP	São Paulo	28.52	62	3365	R$115.095,19
9116	SP	São Paulo	30.6	68	3611	R$115.436,45
9118	SP	São Carlos	30	80	3540	R$115.400,83
9157	SP	São Paulo	30.36	66	3582	R$115.870,83
9165	SP	São Paulo	30	80	3540	R$115.932,76
9235	SP	São Paulo	30.82	92	3637	R$119.663,95
9245	SP	São Paulo	31.49	94	3716	R$119.855,96
9255	SP	São Paulo	34.17	102	4032	R$120.180,93
9273	SP	São Paulo	32.25	86	3806	R$117.237,53
9282	SP	São Carlos	30	80	3540	R$117.158,18
9294	SP	São Paulo	31.83	95	3756	R$120.405,24
9311	SP	São Paulo	27.6	60	3257	R$117.298,38
9315	SP	São Paulo	29.44	64	3474	R$117.489,01
9321	SP	São Paulo	29.7	66	3505	R$117.588,07
9332	SP	São Carlos	30.82	92	3637	R$120.728,97
9342	SP	São Paulo	33	88	3894	R$118.119,77
9343	SP	São Paulo	30.6	68	3611	R$117.940,35
9356	SP	São Paulo	31.5	84	3717	R$118.149,56
9358	SP	São Carlos	31.5	70	3717	R$118.193,41
9369	SP	São Carlos	31.28	68	3691	R$118.256,58
9380	SP	São Paulo	32.16	96	3795	R$121.379,54
9406	SP	São Paulo	33.5	100	3953	R$121.737,03
9414	SP	São Paulo	31.49	94	3716	R$121.667,54
9450	SP	São Paulo	31.5	84	3717	R$119.107,27
9472	SP	São Paulo	27.6	60	3257	R$119.055,73
9514	SP	São Paulo	31.5	84	3717	R$119.959,98
9515	SP	São Paulo	30.6	68	3611	R$119.892,70
9520	SP	São Paulo	33.75	90	3983	R$120.181,26
9531	SP	São Paulo	32.16	96	3795	R$123.199,20
9552	SP	São Paulo	30.36	66	3582	R$120.327,08
9554	SP	São Paulo	32.4	72	3823	R$120.498,04
9561	SP	São Paulo	34.17	102	4032	R$123.722,16
9585	SP	São Paulo	31.5	84	3717	R$120.856,54
9591	SP	São Paulo	34.84	104	4111	R$124.146,10
9597	SP	São Paulo	32.16	96	3795	R$123.980,37
9602	SP	São Paulo	32.2	70	3800	R$121.095,80
9604	SP	São Paulo	33.75	90	3983	R$121.246,29
9621	SP	São Paulo	33.5	100	3953	R$124.356,32
9652	SP	São Paulo	34.5	92	4071	R$124.786,46
9660	SP	São Paulo	30.6	68	3611	R$121.703,13
9692	SP	São Paulo	34.84	104	4111	R$125.264,20
9700	SP	São Paulo	32.83	98	3874	R$125.193,56
9736	SP	São Paulo	31.5	70	3717	R$122.658,89
9744	SP	São Paulo	31.28	68	3691	R$122.712,83
9750	SP	São Paulo	34.5	92	4071	R$125.993,41
9774	SP	São Paulo	33.3	74	3929	R$123.255,00
9781	SP	São Paulo	33.12	72	3908	R$123.480,39
9795	SP	São Paulo	28.8	64	3398	R$123.299,37
9810	SP	São Paulo	33.5	100	3953	R$126.726,37
9824	SP	São Paulo	33	88	3894	R$123.968,74
9837	SP	São Paulo	36.18	108	4269	R$127.397,49
9839	SP	São Paulo	33.5	100	3953	R$127.231,76
9864	SP	São Carlos	33	88	3894	R$124.564,14
9865	SP	São Paulo	29.44	64	3474	R$124.298,01
9866	SP	São Paulo	31.5	70	3717	R$124.469,31
9868	SP	São Paulo	31.28	68	3691	R$124.524,41
9880	SP	São Paulo	33.75	90	3983	R$124.868,29
9904	SP	São Paulo	35.25	94	4160	R$128.224,53
9922	SP	São Paulo	36	96	4248	R$128.492,91
9933	SP	São Carlos	34.2	76	4036	R$125.558,48
9981	SP	São Carlos	29.44	64	3474	R$125.957,27
9984	SP	São Paulo	34.04	74	4017	R$126.336,92
10006	SP	São Paulo	33.75	90	3983	R$126.625,63
10019	SP	São Paulo	32.4	72	3823	R$126.773,95
10035	SP	São Carlos	34.17	102	4032	R$130.024,60
10057	SP	São Paulo	34.84	104	4111	R$130.483,16
10060	SP	São Paulo	32.2	70	3800	R$127.370,55
10084	SP	São Paulo	34.5	92	4071	R$130.964,29
10107	SP	São Carlos	35.1	78	4142	R$128.324,67
10126	SP	São Carlos	34.84	104	4111	R$131.566,64
10131	SP	São Paulo	30.6	68	3611	R$128.360,97
10133	SP	São Carlos	34.96	76	4125	R$128.713,44
10143	SP	São Paulo	36.18	108	4269	R$132.056,83
10147	SP	São Paulo	37.5	100	4425	R$132.191,27
10161	SP	São Carlos	38.19	114	4506	R$132.482,86
10162	SP	São Carlos	35.51	106	4190	R$132.318,28
10192	SP	São Paulo	31.28	68	3691	R$129.521,82
10204	SP	São Carlos	33.12	72	3908	R$129.765,53
10220	SP	São Carlos	36	96	4248	R$133.189,16
10244	SP	São Paulo	36	80	4248	R$130.620,07
10245	SP	São Paulo	35.51	106	4190	R$133.551,77
10263	SP	São Paulo	33.3	74	3929	R$130.835,93
10269	SP	São Paulo	38.25	102	4514	R$134.253,92
10291	SP	São Paulo	31.28	68	3691	R$131.181,09
10311	SP	São Paulo	36	96	4248	R$134.929,20
10314	SP	São Paulo	36	96	4248	R$134.973,05
10319	SP	São Paulo	36.18	108	4269	R$135.092,66
10364	SP	São Paulo	36.18	108	4269	R$135.989,22
10377	SP	São Paulo	34.2	76	4036	R$133.139,42
10397	SP	São Paulo	32.4	72	3823	R$133.422,56
10405	SP	São Paulo	40.2	120	4744	R$137.151,68
10413	SP	São Paulo	38.19	114	4506	R$137.151,42
10417	SP	São Paulo	36.85	110	4348	R$137.077,79
10422	SP	São Paulo	34.04	74	4017	R$133.917,86
10431	SP	São Paulo	36	96	4248	R$137.191,94
10466	SP	São Paulo	36.85	110	4348	R$137.983,58
10495	SP	São Paulo	37.52	112	4427	R$138.619,83
10509	SP	São Paulo	37.5	100	4425	R$138.991,04
10514	SP	São Paulo	35.1	78	4142	R$135.914,83
10526	SP	São Paulo	40.5	108	4779	R$139.605,31
10529	SP	São Paulo	34.04	74	4017	R$136.234,83
10534	SP	São Paulo	37.52	112	4427	R$139.525,62
10538	SP	São Paulo	37.5	100	4425	R$139.666,05
10540	SP	São Paulo	33.12	72	3908	R$136.404,91
10576	SP	São Paulo	38.19	114	4506	R$140.614,19
10600	SP	São Paulo	37.5	100	4425	R$141.201,86
10605	SP	São Carlos	36	80	4248	R$138.218,32
10609	SP	São Paulo	38.19	114	4506	R$141.510,75
10625	SP	São Paulo	34.2	76	4036	R$138.501,46
10633	SP	São Paulo	42.21	126	4981	R$142.227,82
10644	SP	São Paulo	36	80	4248	R$139.114,87
10646	SP	São Paulo	35.88	78	4234	R$139.141,67
10655	SP	São Carlos	40.5	108	4779	R$142.721,92
10681	SP	São Paulo	38.86	116	4585	R$143.051,64
10721	SP	São Carlos	36.9	82	4354	R$140.975,27
10731	SP	São Paulo	36.8	80	4342	R$141.527,42
10744	SP	São Paulo	34.96	76	4125	R$141.647,18
10747	SP	São Paulo	40.2	120	4744	R$145.043,01
10751	SP	São Paulo	36.9	82	4354	R$141.881,06
10756	SP	São Paulo	42.75	114	5045	R$145.357,10
10759	SP	São Paulo	42.21	126	4981	R$145.352,50
10764	SP	São Paulo	39	104	4602	R$145.227,92
10782	SP	São Paulo	36.8	80	4342	R$142.441,29
10826	SP	São Paulo	40.2	120	4744	R$146.578,81
10828	SP	São Paulo	44.22	132	5218	R$146.896,64
10839	SP	São Paulo	36	80	4248	R$143.561,89
10850	SP	São Paulo	37.8	84	4460	R$144.193,77
10858	SP	São Paulo	37.72	82	4451	R$144.382,80
10862	SP	São Paulo	40.5	108	4779	R$147.710,11
10874	SP	São Carlos	40.5	90	4779	R$145.025,63
10886	SP	São Paulo	42.75	114	5045	R$148.481,78
10892	SP	São Paulo	37.72	82	4451	R$145.279,35
10930	SP	São Paulo	40.5	108	4779	R$149.236,68
10955	SP	São Carlos	45	120	5310	R$150.283,86
10959	SP	São Paulo	41.54	124	4902	R$150.104,83
10962	SP	São Paulo	38.7	86	4567	R$146.941,50
10963	SP	São Carlos	36.8	80	4342	R$146.871,00
10980	SP	São Paulo	38.64	84	4560	R$147.665,10
10981	SP	São Paulo	44.56	133	5258	R$151.138,30
11023	SP	São Paulo	37.8	84	4460	R$148.623,49
11029	SP	São Paulo	42.88	128	5060	R$152.086,96
11042	SP	São Paulo	39.6	88	4673	R$149.255,36
11068	SP	São Paulo	42	112	4956	R$153.263,90
11083	SP	São Paulo	40.5	90	4779	R$150.476,52
11085	SP	São Paulo	42.88	128	5060	R$153.632,00
11088	SP	São Paulo	45	120	5310	R$153.825,10
11092	SP	São Paulo	39.56	86	4668	R$150.521,63
11093	SP	São Paulo	42.75	95	5045	R$153.728,44
11105	SP	São Paulo	42.75	114	5045	R$153.959,21
11146	SP	São Paulo	40.5	90	4779	R$152.012,32
11162	SP	São Paulo	38.64	84	4560	R$152.112,12
11166	SP	São Paulo	44.22	132	5218	R$155.612,98
11177	SP	São Paulo	41.4	92	4885	R$155.748,33
11185	SP	São Paulo	40.48	88	4777	R$152.907,38
11220	SP	São Paulo	44.22	132	5218	R$157.158,01
11229	SP	São Paulo	43.5	116	5133	R$157.281,89
11232	SP	São Paulo	41.4	90	4885	R$154.209,65
11237	SP	São Paulo	41.4	92	4885	R$157.284,13
11268	SP	São Paulo	45	120	5310	R$158.343,66
11284	SP	São Paulo	42.3	94	4991	R$158.505,28
11293	SP	São Paulo	41.4	90	4885	R$155.745,45
11308	SP	São Paulo	47.25	126	5576	R$159.586,11
11310	SP	São Paulo	45	100	5310	R$159.444,45
11314	SP	São Paulo	48.24	144	5692	R$160.763,02
11324	SP	São Carlos	45	120	5310	R$159.754,84
11325	SP	São Paulo	42.32	92	4994	R$159.563,73
11326	SP	São Paulo	42.88	128	5060	R$159.685,21
11347	SP	São Paulo	42.3	94	4991	R$160.050,32
11355	SP	São Paulo	45.56	136	5376	R$161.681,93
11363	SP	São Paulo	46.9	140	5534	R$162.020,96
11366	SP	São Carlos	43.2	96	5098	R$160.809,92
11387	SP	São Paulo	45	120	5310	R$161.299,87
11388	SP	São Paulo	42.32	92	4994	R$161.099,53
11420	SP	São Carlos	43.2	96	5098	R$162.345,72
11423	SP	São Paulo	42.32	92	4994	R$162.333,02
11445	SP	São Carlos	41.4	90	4885	R$159.829,00
11460	SP	São Paulo	44.1	98	5204	R$163.566,88
11467	SP	São Paulo	46.9	140	5534	R$164.977,17
11471	SP	São Paulo	47.25	126	5576	R$164.104,67
11474	SP	São Paulo	48.24	144	5692	R$165.272,35
11477	SP	São Paulo	43.24	94	5102	R$163.937,60
11493	SP	São Paulo	49.5	132	5841	R$164.929,43
11508	SP	São Paulo	44.16	96	5211	R$164.796,77
11519	SP	São Paulo	44.1	98	5204	R$165.111,91
11527	SP	São Paulo	47.25	105	5576	R$165.604,70
11539	SP	São Paulo	50.92	152	6009	R$170.222,68
11540	SP	São Paulo	47.25	126	5576	R$166.013,17
11541	SP	São Paulo	45	100	5310	R$165.871,51
11545	SP	São Paulo	42.88	128	5060	R$165.917,27
11548	SP	São Paulo	45.56	136	5376	R$167.176,67
11555	SP	São Paulo	44.16	96	5211	R$166.332,58
11585	SP	São Paulo	45	100	5310	R$167.415,39
11591	SP	São Paulo	45.08	98	5319	R$167.634,84
11656	SP	São Paulo	45.08	98	5319	R$169.179,87
11664	SP	São Paulo	43.7	95	5157	R$169.226,71
11676	SP	São Paulo	46	100	5428	R$170.020,59
11689	SP	São Paulo	50.92	152	6009	R$174.732,01
11704	SP	São Paulo	46.8	104	5522	R$170.941,18
11708	SP	São Paulo	49.5	110	5841	R$171.320,72
11721	SP	São Paulo	46	100	5428	R$171.564,47
11743	SP	São Paulo	48.24	144	5692	R$173.679,46
11749	SP	São Paulo	45.56	136	5376	R$173.664,88
11750	SP	São Paulo	50.25	150	5930	R$174.021,61
11751	SP	São Paulo	51	136	6018	R$174.138,71
11760	SP	São Paulo	52.5	140	6195	R$174.507,93
11786	SP	São Paulo	50.25	134	5930	R$174.036,81
11796	SP	São Paulo	54.27	162	6404	R$178.509,63
11797	SP	São Paulo	48	128	5664	R$174.146,34
11816	SP	São Paulo	52.26	156	6167	R$179.165,58
11824	SP	São Paulo	47.84	104	5645	R$175.261,71
11834	SP	São Carlos	51.3	114	6053	R$175.974,95
11836	SP	São Paulo	46	100	5428	R$175.648,02
11839	SP	São Paulo	48.6	108	5735	R$176.010,85
11890	SP	São Paulo	54	144	6372	R$179.385,33
11891	SP	São Paulo	53.6	160	6325	R$182.400,28
11903	SP	São Paulo	50.92	152	6009	R$183.139,12
11913	SP	São Paulo	48.24	144	5692	R$180.416,91
11915	SP	São Carlos	52.5	140	6195	R$180.810,38
11939	SP	São Paulo	54	144	6372	R$181.498,07
11947	SP	São Paulo	49.68	108	5862	R$180.485,53
11961	SP	São Carlos	50.4	112	5947	R$181.067,46
11970	SP	São Paulo	53.6	160	6325	R$185.524,97
11973	SP	São Paulo	51	136	6018	R$182.536,59
12003	SP	São Paulo	54	120	6372	R$182.729,45
12007	SP	São Paulo	48.3	105	5699	R$182.540,10
12066	SP	São Paulo	57	152	6726	R$189.722,25
12068	SP	São Paulo	51.52	112	6079	R$185.699,64
12077	SP	São Paulo	52.2	116	6160	R$186.114,70
12081	SP	São Paulo	50.92	152	6009	R$190.124,65
12091	SP	São Paulo	56.95	170	6720	R$190.695,31
12099	SP	São Paulo	53.6	160	6325	R$190.806,24
12122	SP	São Paulo	57	152	6726	R$191.834,99
12161	SP	São Paulo	51	136	6018	R$189.620,21
12164	SP	São Paulo	54	144	6372	R$189.905,18
12171	SP	São Paulo	50.6	110	5971	R$188.962,01
12185	SP	São Carlos	56.7	126	6691	R$189.901,65
12187	SP	São Paulo	53.6	160	6325	R$193.832,84
12208	SP	São Paulo	53.36	116	6296	R$190.909,76
12213	SP	São Paulo	54	120	6372	R$191.153,86
12227	SP	São Carlos	56.95	170	6720	R$195.843,88
12250	SP	São Paulo	56.25	150	6638	R$193.658,11
12280	SP	São Paulo	53.6	160	6325	R$198.094,09
12282	SP	São Carlos	60.3	180	7115	R$198.573,78
12283	SP	São Carlos	52.44	114	6188	R$194.162,90
12296	SP	São Paulo	56.95	170	6720	R$199.101,26
12324	SP	São Paulo	56.25	150	6638	R$196.835,88
12335	SP	São Paulo	55.2	120	6514	R$196.119,88
12336	SP	São Paulo	55.8	124	6584	R$196.191,87
12343	SP	São Paulo	54	144	6372	R$197.272,64
12347	SP	São Paulo	59.4	132	7009	R$196.665,38
12371	SP	São Paulo	60	160	7080	R$201.608,24
12398	SP	São Paulo	56.95	170	6720	R$202.838,65
12424	SP	São Paulo	60.3	180	7115	R$204.397,37
12452	SP	São Paulo	57.6	128	6797	R$201.231,04
12458	SP	São Paulo	57.04	124	6731	R$201.330,00
12473	SP	São Paulo	55.2	120	6514	R$201.738,08
12482	SP	São Paulo	60	160	7080	R$206.384,11
12485	SP	São Paulo	63.65	190	7511	R$206.860,73
12490	SP	São Paulo	56.95	170	6720	R$206.708,73
12493	SP	São Paulo	60.3	180	7115	R$206.971,66
12511	SP	São Paulo	51.3	114	6053	R$202.968,62
12527	SP	São Paulo	51.3	114	6053	R$203.492,47
12555	SP	São Paulo	57	152	6726	R$209.144,21
12581	SP	São Paulo	59.4	132	7009	R$206.287,51
12585	SP	São Paulo	58.88	128	6948	R$206.530,89
12592	SP	São Paulo	63.75	170	7523	R$211.030,13
12593	SP	São Paulo	60.75	162	7169	R$210.851,32
12602	SP	São Paulo	60.3	180	7115	R$211.392,14
12624	SP	São Paulo	52.44	114	6188	R$207.673,58
12643	SP	São Paulo	52.44	114	6188	R$208.214,75
12654	SP	São Paulo	63.65	190	7511	R$213.402,03
12669	SP	São Paulo	57.96	126	6839	R$209.784,04
12679	SP	São Paulo	67	200	7906	R$214.738,05
12692	SP	São Paulo	54	120	6372	R$210.301,20
12696	SP	São Paulo	60.3	180	7115	R$214.889,52
12700	SP	São Carlos	63.65	190	7511	R$215.257,45
12702	SP	São Paulo	54	120	6372	R$210.842,37
12703	SP	São Paulo	61.2	136	7222	R$212.323,42
12721	SP	São Paulo	60.72	132	7165	R$211.749,09
12733	SP	São Carlos	63.75	170	7523	R$216.613,71
12749	SP	São Paulo	60	160	7080	R$216.796,65
12817	SP	São Paulo	55.2	120	6514	R$215.267,22
12819	SP	São Carlos	67.5	180	7965	R$220.025,09
12828	SP	São Paulo	64.13	171	7567	R$220.240,92
12830	SP	São Paulo	55.2	120	6514	R$215.799,16
12831	SP	São Paulo	63	140	7434	R$217.361,43
12833	SP	São Paulo	63.65	190	7511	R$220.396,80
12848	SP	São Paulo	62.56	136	7382	R$217.946,73
12865	SP	São Paulo	67	200	7906	R$221.937,06
12890	SP	São Paulo	56.7	126	6691	R$218.094,19
12903	SP	São Paulo	67	200	7906	R$223.126,70
12905	SP	São Paulo	56.7	126	6691	R$218.627,28
12911	SP	São Paulo	63.65	190	7511	R$223.513,40
12938	SP	São Paulo	63	168	7434	R$224.449,08
12961	SP	São Paulo	64.8	144	7646	R$222.409,83
12979	SP	São Paulo	68.34	204	8064	R$226.361,40
12980	SP	São Carlos	64.4	140	7599	R$223.156,85
12983	SP	São Paulo	67.5	180	7965	R$226.380,61
13013	SP	São Paulo	57.96	126	6839	R$223.312,02
13027	SP	São Paulo	57.96	126	6839	R$223.835,88
13028	SP	São Paulo	67.5	180	7965	R$228.421,81
13037	SP	São Carlos	67	200	7906	R$228.931,82
13045	SP	São Paulo	71.25	190	8408	R$229.436,59
13057	SP	São Paulo	59.4	132	7009	R$225.425,62
13070	SP	São Carlos	59.4	132	7009	R$225.976,02
13077	SP	São Paulo	70.35	210	8301	R$230.942,87
13093	SP	São Carlos	66.24	144	7816	R$228.366,97
13100	SP	São Paulo	67	200	7906	R$231.683,81
13104	SP	São Paulo	66.6	148	7859	R$228.771,33
13117	SP	São Paulo	66	176	7788	R$232.101,52
13169	SP	São Paulo	68.34	204	8064	R$235.043,13
13173	SP	São Paulo	60.72	132	7165	R$230.887,20
13187	SP	São Paulo	60.72	132	7165	R$231.428,37
13188	SP	São Paulo	67.5	180	7965	R$235.931,20
13193	SP	São Paulo	71.25	190	8408	R$236.609,06
13200	SP	São Paulo	68.4	152	8071	R$236.777,67
13227	SP	São Paulo	70.35	210	8301	R$237.937,63
13230	SP	São Paulo	68.08	148	8033	R$234.880,97
13239	SP	São Paulo	75	200	8850	R$238.431,55
13256	SP	São Paulo	73.7	220	8697	R$242.464,69
13290	SP	São Paulo	72	192	8496	R$240.667,79
13296	SP	São Paulo	63	140	7434	R$237.823,03
13302	SP	São Paulo	70.2	156	8284	R$241.816,84
13315	SP	São Paulo	67.5	150	7965	R$239.807,64
13323	SP	São Paulo	69.92	152	8251	R$243.059,42
13332	SP	São Paulo	71.25	190	8408	R$243.603,82
13370	SP	São Paulo	71.25	190	8408	R$245.707,33
13380	SP	São Paulo	75	200	8850	R$246.385,18
13381	SP	São Paulo	76.38	228	9013	R$250.481,23
13384	SP	São Paulo	73.7	220	8697	R$249.459,46
13394	SP	São Paulo	64.8	144	7646	R$243.403,36
13395	SP	São Paulo	72	160	8496	R$246.854,85
13399	SP	São Paulo	64.4	140	7599	R$243.609,22
13410	SP	São Paulo	72.36	216	8538	R$250.857,55
13414	SP	São Paulo	71.76	156	8468	R$248.269,54
13430	SP	São Paulo	69	150	8142	R$246.016,60
13441	SP	São Paulo	77.72	232	9171	R$253.990,55
13493	SP	São Paulo	66.24	144	7816	R$249.351,28
13502	SP	São Paulo	75	200	8850	R$253.362,64
13503	SP	São Paulo	73.6	160	8685	R$253.470,43
13525	SP	São Paulo	72	160	8496	R$255.163,87
13544	SP	São Paulo	78.75	210	9293	R$256.596,32
13551	SP	São Paulo	75.6	168	8921	R$256.941,25
13571	SP	São Paulo	76.38	228	9013	R$261.940,33
13581	SP	São Carlos	68.85	153	8124	R$258.056,55
13593	SP	São Paulo	69.3	154	8177	R$258.661,52
13594	SP	São Paulo	75	200	8850	R$259.043,15
13638	SP	São Paulo	73.6	160	8685	R$261.779,46
13662	SP	São Paulo	77.28	168	9119	R$263.890,68
13679	SP	São Carlos	70.38	153	8305	R$264.383,93
13680	SP	São Carlos	78.75	210	9293	R$264.905,35
13684	SP	São Carlos	80.4	240	9487	R$269.310,15
13689	SP	São Carlos	70.84	154	8359	R$265.042,60
13702	SP	São Carlos	79.2	176	9346	R$266.123,02
13704	SP	São Carlos	82.5	220	9735	R$269.340,78
13707	SP	São Carlos	72	160	8496	R$266.011,42
13731	SP	São Paulo	80.4	240	9487	R$272.009,05
13733	SP	São Paulo	76.5	170	9027	R$267.996,02
13752	SP	São Paulo	72.9	162	8602	R$269.298,33
13761	SP	São Paulo	78.75	210	9293	R$270.080,46
13770	SP	São Paulo	72	160	8496	R$270.174,59
13807	SP	São Paulo	73.6	160	8685	R$272.627,00
13815	SP	São Paulo	80.96	176	9553	R$274.309,77
13819	SP	São Paulo	82.5	220	9735	R$277.640,58
13825	SP	São Paulo	82.75	247	9765	R$279.256,37
13826	SP	São Paulo	78.2	170	9228	R$275.025,15
13837	SP	São Paulo	84.42	252	9962	R$279.839,26
13848	SP	São Paulo	74.52	162	8793	R$276.004,01
13853	SP	São Paulo	82.8	184	9770	R$277.114,07
13884	SP	São Paulo	82.5	220	9735	R$282.397,99
13894	SP	São Paulo	81	180	9558	R$280.374,70
13895	SP	São Paulo	84.42	252	9962	R$284.597,83
13899	SP	São Paulo	75.6	168	8921	R$280.269,07
13954	SP	São Paulo	84.64	184	9988	R$284.730,01
13955	SP	São Paulo	86.25	230	10178	R$288.865,77
13967	SP	São Paulo	88.44	264	10436	R$290.378,77
13980	SP	São Paulo	86.4	192	10195	R$287.209,70
13989	SP	São Paulo	82.8	180	9770	R$287.828,91
14027	SP	São Paulo	79.2	176	9346	R$290.347,40
14039	SP	São Paulo	89.11	266	10515	R$296.571,79
14047	SP	São Paulo	85.5	190	10089	R$293.206,84
14070	SP	São Carlos	90.45	270	10673	R$299.931,11
14072	SP	São Paulo	90	240	10620	R$299.946,93
14088	SP	São Paulo	81	180	9558	R$296.699,67
14097	SP	São Paulo	89.25	238	10532	R$302.084,48
14117	SP	São Paulo	93.8	280	11068	R$307.377,46
14127	SP	São Paulo	87.4	190	10313	R$301.066,53
14153	SP	São Carlos	93.8	280	11068	R$311.069,85
14164	SP	São Paulo	95.81	286	11306	R$312.882,03
14165	SP	São Carlos	90	200	10620	R$305.595,91
14182	SP	São Paulo	95.48	285	11267	R$315.604,22
14199	SP	São Carlos	98.49	294	11622	R$317.806,39
14210	SP	São Paulo	94.5	252	11151	R$315.264,51
14239	SP	São Carlos	97.5	260	11505	R$317.830,68
14243	SP	São Paulo	92	200	10856	R$313.869,14
14265	SP	São Paulo	101.84	304	12017	R$323.696,75
14288	SP	São Paulo	94.5	210	11151	R$318.428,05
14307	SP	São Paulo	89.1	198	10514	R$319.626,30
14311	SP	São Paulo	100.5	300	11859	R$327.874,52
14327	SP	São Paulo	90	200	10620	R$321.919,72
14330	SP	São Paulo	103.18	308	12175	R$329.780,36
14339	SP	São Paulo	101.84	304	12017	R$331.224,61
14375	SP	São Paulo	96.6	210	11399	R$327.115,99
14378	SP	São Paulo	97.5	260	11505	R$331.375,98
14379	SP	São Paulo	99	264	11682	R$331.514,43
14387	SP	São Paulo	99	220	11682	R$331.565,40
14401	SP	São Paulo	101.25	270	11948	R$333.953,11
14413	SP	São Paulo	100.5	300	11859	R$337.700,89
14440	SP	São Paulo	105	280	12390	R$340.767,82
14456	SP	São Paulo	94.5	210	11151	R$334.761,10
14478	SP	São Paulo	107.2	320	12650	R$345.656,32
14480	SP	São Paulo	101.2	220	11942	R$340.605,72
14492	SP	São Paulo	103.5	276	12213	R$345.956,80
14524	SP	São Paulo	103.5	230	12213	R$345.305,44
14553	SP	São Paulo	106.88	285	12612	R$351.369,01
14563	SP	São Paulo	99	220	11682	R$347.773,83
14566	SP	São Paulo	99	220	11682	R$347.968,83
14585	SP	São Paulo	105	280	12390	R$354.473,50
14597	SP	São Paulo	107.2	320	12650	R$356.371,17
14618	SP	São Paulo	108	288	12744	R$357.430,84
14621	SP	São Paulo	105.8	230	12484	R$354.751,23
14635	SP	São Carlos	112.5	300	13275	R$360.603,93
14637	SP	São Paulo	108	240	12744	R$357.604,50
14645	SP	São Paulo	101.2	220	11942	R$357.124,54
14655	SP	São Paulo	114	304	13452	R$362.713,19
14688	SP	São Paulo	112.5	300	13275	R$365.398,26
14715	SP	São Carlos	102.6	228	12107	R$366.330,60
14720	SP	São Paulo	110.4	240	13027	R$367.455,76
14733	SP	São Carlos	112.5	300	13275	R$371.415,70
14747	SP	São Carlos	112.5	250	13275	R$370.347,80
14766	SP	São Paulo	112.5	300	13275	R$374.621,16
14772	SP	São Carlos	113.9	340	13440	R$379.658,86
14783	SP	São Paulo	108	240	12744	R$374.355,25
14790	SP	São Paulo	108	240	12744	R$375.091,42
14802	SP	São Paulo	104.88	228	12376	R$375.695,53
14834	SP	São Paulo	117	312	13806	R$382.889,74
14843	SP	São Paulo	118.8	264	14018	R$381.552,04
14847	SP	São Paulo	108	240	12744	R$381.350,02
14867	SP	São Paulo	110.4	240	13027	R$384.357,67
14904	SP	São Paulo	120.75	322	14249	R$393.681,08
14910	SP	São Paulo	120.6	360	14231	R$397.332,39
14917	SP	São Paulo	120	320	14160	R$395.747,10
14919	SP	São Paulo	110.4	240	13027	R$391.218,59
14942	SP	São Paulo	120.6	360	14231	R$401.442,48
14963	SP	São Paulo	113.4	252	13381	R$396.377,51
14978	SP	São Paulo	120	320	14160	R$402.492,63
14990	SP	São Paulo	117	260	13806	R$399.753,00
14999	SP	São Paulo	120.6	360	14231	R$407.451,84
15011	SP	São Paulo	126	336	14868	R$409.821,37
15033	SP	São Paulo	115.92	252	13679	R$404.602,37
15042	SP	São Paulo	115.92	252	13679	R$406.724,34
15046	SP	São Paulo	127.3	380	15021	R$415.015,15
15059	SP	São Paulo	121.5	324	14337	R$412.839,37
15062	SP	São Paulo	134	400	15812	R$419.670,13
15073	SP	São Paulo	119.6	260	14113	R$410.584,82
15082	SP	São Paulo	129.38	345	15267	R$418.765,58
15084	SP	São Paulo	127.5	340	15045	R$418.852,70
15085	SP	São Paulo	118.8	264	14018	R$411.395,77
15088	SP	São Paulo	127.3	380	15021	R$419.116,01
15144	SP	São Paulo	127.5	340	15045	R$425.608,61
15172	SP	São Paulo	121.44	264	14330	R$422.238,16
15176	SP	São Paulo	128.64	384	15180	R$430.463,58
15190	SP	São Paulo	126	280	14868	R$428.127,16
15191	SP	São Paulo	134	400	15812	R$435.647,79
15193	SP	São Paulo	135	360	15930	R$432.777,52
15196	SP	São Paulo	128.25	342	15134	R$432.587,80
15203	SP	São Paulo	124.2	276	14656	R$429.382,36
15228	SP	São Paulo	134	400	15812	R$439.757,88
15252	SP	São Paulo	135	360	15930	R$439.000,35
15255	SP	São Paulo	126	280	14868	R$434.864,61
15266	SP	São Paulo	138	368	16284	R$440.429,96
15289	SP	São Paulo	128.8	280	15198	R$439.779,15
15300	SP	São Carlos	126.96	276	14981	R$440.721,47
15309	SP	São Paulo	135	360	15930	R$445.737,81
15325	SP	São Paulo	129.6	288	15293	R$444.400,62
15328	SP	São Carlos	135	360	15930	R$448.942,11
15333	SP	São Paulo	136.68	408	16128	R$453.819,55
15335	SP	São Paulo	140.7	420	16603	R$454.327,30
15343	SP	São Carlos	128.8	280	15198	R$446.535,06
15370	SP	São Paulo	140.7	420	16603	R$458.437,39
15386	SP	São Paulo	142.5	380	16815	R$456.829,88
15398	SP	São Paulo	135	300	15930	R$453.516,83
15403	SP	São Carlos	144	384	16992	R$458.237,58
15418	SP	São Carlos	132.48	288	15633	R$456.235,29
15436	SP	São Paulo	142.5	380	16815	R$463.585,80
15437	SP	São Paulo	150	400	17700	R$467.065,20
15447	SP	São Paulo	135	300	15930	R$460.271,60
15469	SP	São Paulo	142.5	380	16815	R$468.564,75
15480	SP	São Paulo	144.72	432	17077	R$473.227,75
15482	SP	São Paulo	148.5	396	17523	R$472.697,26
15487	SP	São Paulo	138	300	16284	R$466.015,53
15498	SP	São Paulo	126	280	14868	R$466.741,46
15499	SP	São Paulo	147.4	440	17393	R$476.120,15
15534	SP	São Paulo	141.75	315	16727	R$473.681,03
15536	SP	São Paulo	138	300	16284	R$472.770,29
15542	SP	São Paulo	145.73	435	17196	R$482.034,71
15559	SP	São Paulo	153	408	18054	R$485.168,05
15567	SP	São Paulo	150	400	17700	R$484.383,65
15568	SP	São Paulo	140.4	312	16567	R$477.047,20
15611	SP	São Paulo	155.25	414	18320	R$491.122,57
15616	SP	São Paulo	150	400	17700	R$491.147,65
15617	SP	São Paulo	152.76	456	18026	R$495.586,98
15630	SP	São Paulo	144	320	16992	R$486.656,86
15631	SP	São Paulo	144.9	315	17098	R$486.801,78
15649	SP	São Paulo	144.9	322	17098	R$490.787,25
15657	SP	São Paulo	143.52	312	16935	R$489.855,69
15676	SP	São Paulo	162.81	486	19212	R$505.595,19
15698	SP	São Paulo	155.44	464	18342	R$509.246,15
15706	SP	São Paulo	147.2	320	17370	R$499.994,19
15709	SP	São Paulo	162	432	19116	R$508.124,21
15719	SP	São Paulo	157.5	420	18585	R$510.117,00
15720	SP	São Paulo	157.5	420	18585	R$510.569,32
15722	SP	São Paulo	138.6	308	16355	R$501.798,69
15731	SP	São Paulo	148.12	322	17478	R$504.010,43
15734	SP	São Paulo	160.8	480	18974	R$514.985,95
15750	SP	São Paulo	151.2	336	17842	R$511.059,19
15756	SP	São Paulo	159.46	476	18816	R$519.322,95
15760	SP	São Paulo	165	440	19470	R$517.037,83
15775	SP	São Paulo	153	340	18054	R$515.022,94
15805	SP	São Paulo	155.25	345	18320	R$522.664,43
15807	SP	São Paulo	144	320	16992	R$519.110,65
15812	SP	São Paulo	165	440	19470	R$528.976,93
15814	SP	São Paulo	154.56	336	18238	R$524.849,57
15822	SP	São Paulo	165	440	19470	R$530.246,19
15840	SP	São Paulo	156.4	340	18455	R$529.189,67
15849	SP	São Paulo	171	456	20178	R$539.659,97
15865	SP	São Paulo	168.84	504	19923	R$543.832,62
15868	SP	São Paulo	158.7	345	18727	R$536.833,12
15878	SP	São Paulo	162	360	19116	R$540.420,69
15882	SP	São Paulo	162	360	19116	R$541.095,71
15890	SP	São Paulo	172.5	460	20355	R$550.360,96
15891	SP	São Paulo	151.2	336	17842	R$542.109,86
15923	SP	São Paulo	165.6	360	19541	R$555.424,90
15937	SP	São Paulo	178.22	532	21030	R$570.305,79
15948	SP	São Paulo	158.4	352	18691	R$562.131,52
15954	SP	São Paulo	178.2	396	21028	R$568.410,29
15960	SP	São Paulo	171	380	20178	R$565.827,67
15978	SP	São Paulo	162	360	19116	R$573.442,18
15993	SP	São Paulo	174.8	380	20626	R$581.652,05
16003	SP	São Paulo	187.6	560	22137	R$595.078,74
16035	SP	São Paulo	194.3	580	22927	R$614.842,51
16037	SP	São Paulo	173.88	378	20518	R$600.244,76
16046	SP	São Paulo	201	600	23718	R$622.620,24
16068	SP	São Paulo	178.2	396	21028	R$621.483,76
16069	SP	São Carlos	201	600	23718	R$635.412,06
16103	SP	São Carlos	217.08	648	25615	R$670.903,58
16106	SP	São Carlos	214.4	640	25299	R$671.970,11
16123	SP	São Carlos	225	600	26550	R$693.727,26
16150	SP	São Paulo	216	480	25488	R$727.596,21
16174	SP	São Paulo	268	800	31624	R$824.583,99
16196	SP	São Paulo	300	800	35400	R$919.392,58
16220	SP	São Paulo	321.6	960	37949	R$996.374,63
16226	SP	São Paulo	335	1000	39530	R$1.029.506,83
16245	SP	São Paulo	324	720	38232	R$1.081.097,75
16278	SP	São Paulo	428.8	1280	50598	R$1.319.693,55
